<gmd:MD_Metadata xmlns:gco="http://www.isotc211.org/2005/gco" xmlns:gmd="http://www.isotc211.org/2005/gmd" xmlns:gts="http://www.isotc211.org/2005/gts" xmlns:srv="http://www.isotc211.org/2005/srv" xmlns:gml="http://www.opengis.net/gml" xmlns:xlink="http://www.w3.org/1999/xlink" xmlns="http://www.isotc211.org/2005/gmd">
  <gmd:fileIdentifier>
    <gco:CharacterString>654745ed-2b99-6827-8b9a-581c579e6754</gco:CharacterString>
  </gmd:fileIdentifier>
  <gmd:language>
    <gmd:LanguageCode codeList="http://www.loc.gov/standards/iso639-2/php/code_list.php" codeSpace="ISO639-2" codeListValue="eng">eng</gmd:LanguageCode>
  </gmd:language>
  <gmd:characterSet>
    <gmd:MD_CharacterSetCode codeList="http://www.isotc211.org/2005/resources/Codelist/gmxCodelists.xml#MD_CharacterSetCode" codeSpace="ISOTC211/19115" codeListValue="utf8">utf8</gmd:MD_CharacterSetCode>
  </gmd:characterSet>
  <gmd:hierarchyLevel>
    <gmd:MD_ScopeCode codeList="http://www.isotc211.org/2005/resources/Codelist/gmxCodelists.xml#MD_ScopeCode" codeSpace="ISOTC211/19115" codeListValue="dataset">dataset</gmd:MD_ScopeCode>
  </gmd:hierarchyLevel>
  <gmd:hierarchyLevelName>
    <gco:CharacterString>dataset</gco:CharacterString>
  </gmd:hierarchyLevelName>
  <gmd:contact>
    <gmd:CI_ResponsibleParty>
      <gmd:individualName>
        <gco:CharacterString>Omit</gco:CharacterString>
      </gmd:individualName>
      <gmd:organisationName>
        <gco:CharacterString>Landcare Research NZ Ltd</gco:CharacterString>
      </gmd:organisationName>
      <gmd:positionName>
        <gco:CharacterString>Omit</gco:CharacterString>
      </gmd:positionName>
      <gmd:contactInfo>
        <gmd:CI_Contact>
          <gmd:phone>
            <gmd:CI_Telephone>
              <gmd:voice>
                <gco:CharacterString>+64 6 353 4953</gco:CharacterString>
              </gmd:voice>
              <gmd:facsimile>
                <gco:CharacterString>Omit</gco:CharacterString>
              </gmd:facsimile>
            </gmd:CI_Telephone>
          </gmd:phone>
          <gmd:address>
            <gmd:CI_Address>
              <gmd:deliveryPoint>
                <gco:CharacterString>PO Box 69040, Lincoln 7640</gco:CharacterString>
              </gmd:deliveryPoint>
              <gmd:city>
                <gco:CharacterString>Lincoln</gco:CharacterString>
              </gmd:city>
              <gmd:administrativeArea>
                <gco:CharacterString>Canterbury</gco:CharacterString>
              </gmd:administrativeArea>
              <gmd:postalCode>
                <gco:CharacterString>7640</gco:CharacterString>
              </gmd:postalCode>
              <gmd:country>
                <gmd:Country codeList="http://www.iso.org/iso/country_codes/iso_3166_code_lists.html" codeSpace="ISO3166-1" codeListValue="NZ">NZ</gmd:Country>
              </gmd:country>
              <gmd:electronicMailAddress>
                <gco:CharacterString>lris@landcareresearch.co.nz</gco:CharacterString>
              </gmd:electronicMailAddress>
            </gmd:CI_Address>
          </gmd:address>
        </gmd:CI_Contact>
      </gmd:contactInfo>
      <gmd:role>
        <gmd:CI_RoleCode codeList="http://www.isotc211.org/2005/resources/Codelist/gmxCodelists.xml#CI_RoleCode" codeSpace="ISOTC211/19115" codeListValue="pointOfContact">pointOfContact</gmd:CI_RoleCode>
      </gmd:role>
    </gmd:CI_ResponsibleParty>
  </gmd:contact>
  <gmd:contact>
    <gmd:CI_ResponsibleParty>
      <gmd:individualName>
        <gco:CharacterString>Omit</gco:CharacterString>
      </gmd:individualName>
      <gmd:organisationName>
        <gco:CharacterString>Landcare Research NZ Ltd</gco:CharacterString>
      </gmd:organisationName>
      <gmd:positionName>
        <gco:CharacterString>Omit</gco:CharacterString>
      </gmd:positionName>
      <gmd:contactInfo>
        <gmd:CI_Contact>
          <gmd:phone>
            <gmd:CI_Telephone>
              <gmd:voice>
                <gco:CharacterString>+64 6 353 4953</gco:CharacterString>
              </gmd:voice>
            </gmd:CI_Telephone>
          </gmd:phone>
          <gmd:address>
            <gmd:CI_Address>
              <gmd:deliveryPoint>
                <gco:CharacterString>PO Box 69040, Lincoln 7640</gco:CharacterString>
              </gmd:deliveryPoint>
              <gmd:city>
                <gco:CharacterString>Lincoln</gco:CharacterString>
              </gmd:city>
              <gmd:administrativeArea>
                <gco:CharacterString>Canterbury</gco:CharacterString>
              </gmd:administrativeArea>
              <gmd:postalCode>
                <gco:CharacterString>7640</gco:CharacterString>
              </gmd:postalCode>
              <gmd:country>
                <gmd:Country codeList="http://www.iso.org/iso/country_codes/iso_3166_code_lists.htm" codeSpace="ISO3166-1" codeListValue="NZ">NZ</gmd:Country>
              </gmd:country>
              <gmd:electronicMailAddress>
                <gco:CharacterString>lris@landcareresearch.co.nz</gco:CharacterString>
              </gmd:electronicMailAddress>
            </gmd:CI_Address>
          </gmd:address>
        </gmd:CI_Contact>
      </gmd:contactInfo>
      <gmd:role>
        <gmd:CI_RoleCode codeList="http://www.isotc211.org/2005/resources/Codelist/gmxCodelists.xml#CI_RoleCode" codeSpace="ISOTC211/19115" codeListValue="pointOfContact">pointOfContact</gmd:CI_RoleCode>
      </gmd:role>
    </gmd:CI_ResponsibleParty>
  </gmd:contact>
  <gmd:dateStamp>
    <gco:Date>2021-11-11</gco:Date>
  </gmd:dateStamp>
  <gmd:metadataStandardName>
    <gco:CharacterString>ISO 19139 Geographic Information - Metadata - Implementation Specification</gco:CharacterString>
  </gmd:metadataStandardName>
  <gmd:metadataStandardVersion>
    <gco:CharacterString>2007</gco:CharacterString>
  </gmd:metadataStandardVersion>
  <gmd:spatialRepresentationInfo>
    <gmd:MD_VectorSpatialRepresentation>
      <gmd:topologyLevel>
        <gmd:MD_TopologyLevelCode codeList="http://www.isotc211.org/2005/resources/Codelist/gmxCodelists.xml#MD_TopologyLevelCode" codeSpace="ISOTC211/19115" codeListValue="geometryOnly">geometryOnly</gmd:MD_TopologyLevelCode>
      </gmd:topologyLevel>
      <gmd:geometricObjects>
        <gmd:MD_GeometricObjects>
          <gmd:geometricObjectType>
            <gmd:MD_GeometricObjectTypeCode codeList="http://www.isotc211.org/2005/resources/Codelist/gmxCodelists.xml#MD_GeometricObjectTypeCode" codeSpace="ISOTC211/19115" codeListValue="composite">composite</gmd:MD_GeometricObjectTypeCode>
          </gmd:geometricObjectType>
          <gmd:geometricObjectCount>
            <gco:Integer>511104</gco:Integer>
          </gmd:geometricObjectCount>
        </gmd:MD_GeometricObjects>
      </gmd:geometricObjects>
    </gmd:MD_VectorSpatialRepresentation>
  </gmd:spatialRepresentationInfo>
  <gmd:referenceSystemInfo>
    <gmd:MD_ReferenceSystem>
      <gmd:referenceSystemIdentifier>
        <gmd:RS_Identifier>
          <gmd:code>
            <gco:CharacterString>2193</gco:CharacterString>
          </gmd:code>
          <gmd:codeSpace>
            <gco:CharacterString>EPSG</gco:CharacterString>
          </gmd:codeSpace>
          <gmd:version>
            <gco:CharacterString>7.9.4(9.0.0)</gco:CharacterString>
          </gmd:version>
        </gmd:RS_Identifier>
      </gmd:referenceSystemIdentifier>
    </gmd:MD_ReferenceSystem>
  </gmd:referenceSystemInfo>
  <gmd:identificationInfo>
    <gmd:MD_DataIdentification>
      <gmd:citation>
        <gmd:CI_Citation>
          <gmd:title>
            <gco:CharacterString>LCDB v5.0 - Land Cover Database version 5.0, Mainland, New Zealand</gco:CharacterString>
          </gmd:title>
          <gmd:alternateTitle>
            <gco:CharacterString>LCDB5.0, LCDB v5.0</gco:CharacterString>
          </gmd:alternateTitle>
          <gmd:date>
            <gmd:CI_Date>
              <gmd:date>
                <gco:Date>2020-01-29</gco:Date>
              </gmd:date>
              <gmd:dateType>
                <gmd:CI_DateTypeCode codeList="http://www.isotc211.org/2005/resources/Codelist/gmxCodelists.xml#CI_DateTypeCode" codeSpace="ISOTC211/19115" codeListValue="publication">publication</gmd:CI_DateTypeCode>
              </gmd:dateType>
            </gmd:CI_Date>
          </gmd:date>
          <gmd:edition>
            <gco:CharacterString>Version 5.0</gco:CharacterString>
          </gmd:edition>
          <gmd:editionDate>
            <gco:Date>2019-12-20</gco:Date>
          </gmd:editionDate>
          <gmd:identifier>
            <gmd:MD_Identifier>
              <gmd:authority>
                <gmd:CI_Citation>
                  <gmd:title>
                    <gco:CharacterString>LCDB v5.0 - Land Cover Database version 5.0, Mainland, New Zealand</gco:CharacterString>
                  </gmd:title>
                  <gmd:date>
                    <gmd:CI_Date>
                      <gmd:date>
                        <gco:Date>2020-01-29</gco:Date>
                      </gmd:date>
                      <gmd:dateType>
                        <gmd:CI_DateTypeCode codeList="http://www.isotc211.org/2005/resources/Codelist/gmxCodelists.xml#CI_DateTypeCode" codeSpace="ISOTC211/19115" codeListValue="publication">publication</gmd:CI_DateTypeCode>
                      </gmd:dateType>
                    </gmd:CI_Date>
                  </gmd:date>
                </gmd:CI_Citation>
              </gmd:authority>
              <gmd:code>
                <gco:CharacterString>10.26060/W5B4-WK93</gco:CharacterString>
              </gmd:code>
            </gmd:MD_Identifier>
          </gmd:identifier>
          <gmd:citedResponsibleParty>
            <gmd:CI_ResponsibleParty>
              <gmd:individualName>
                <gco:CharacterString>Omit</gco:CharacterString>
              </gmd:individualName>
              <gmd:organisationName>
                <gco:CharacterString>Landcare Research NZ Ltd</gco:CharacterString>
              </gmd:organisationName>
              <gmd:positionName>
                <gco:CharacterString>Omit</gco:CharacterString>
              </gmd:positionName>
              <gmd:contactInfo>
                <gmd:CI_Contact>
                  <gmd:phone>
                    <gmd:CI_Telephone>
                      <gmd:voice>
                        <gco:CharacterString>+64 6 353 4953</gco:CharacterString>
                      </gmd:voice>
                      <gmd:facsimile>
                        <gco:CharacterString>Omit</gco:CharacterString>
                      </gmd:facsimile>
                    </gmd:CI_Telephone>
                  </gmd:phone>
                  <gmd:address>
                    <gmd:CI_Address>
                      <gmd:deliveryPoint>
                        <gco:CharacterString>PO Box 69040, Lincoln 7640</gco:CharacterString>
                      </gmd:deliveryPoint>
                      <gmd:city>
                        <gco:CharacterString>Lincoln</gco:CharacterString>
                      </gmd:city>
                      <gmd:administrativeArea>
                        <gco:CharacterString>Canterbury</gco:CharacterString>
                      </gmd:administrativeArea>
                      <gmd:postalCode>
                        <gco:CharacterString>7640</gco:CharacterString>
                      </gmd:postalCode>
                      <gmd:country>
                        <gmd:Country codeList="http://www.iso.org/iso/country_codes/iso_3166_code_lists.html" codeSpace="ISO3166-1" codeListValue="NZ">NZ</gmd:Country>
                      </gmd:country>
                      <gmd:electronicMailAddress>
                        <gco:CharacterString>lris@landcareresearch.co.nz</gco:CharacterString>
                      </gmd:electronicMailAddress>
                    </gmd:CI_Address>
                  </gmd:address>
                </gmd:CI_Contact>
              </gmd:contactInfo>
              <gmd:role>
                <gmd:CI_RoleCode codeList="http://www.isotc211.org/2005/resources/Codelist/gmxCodelists.xml#CI_RoleCode" codeSpace="ISOTC211/19115" codeListValue="pointOfContact">pointOfContact</gmd:CI_RoleCode>
              </gmd:role>
            </gmd:CI_ResponsibleParty>
          </gmd:citedResponsibleParty>
          <gmd:citedResponsibleParty>
            <gmd:CI_ResponsibleParty>
              <gmd:individualName>
                <gco:CharacterString>Omit</gco:CharacterString>
              </gmd:individualName>
              <gmd:organisationName>
                <gco:CharacterString>Landcare Research NZ Ltd</gco:CharacterString>
              </gmd:organisationName>
              <gmd:positionName>
                <gco:CharacterString>Omit</gco:CharacterString>
              </gmd:positionName>
              <gmd:contactInfo>
                <gmd:CI_Contact>
                  <gmd:phone>
                    <gmd:CI_Telephone>
                      <gmd:voice>
                        <gco:CharacterString>+64 6 353 4953</gco:CharacterString>
                      </gmd:voice>
                    </gmd:CI_Telephone>
                  </gmd:phone>
                  <gmd:address>
                    <gmd:CI_Address>
                      <gmd:deliveryPoint>
                        <gco:CharacterString>PO Box 69040, Lincoln 7640</gco:CharacterString>
                      </gmd:deliveryPoint>
                      <gmd:city>
                        <gco:CharacterString>Palmerston North</gco:CharacterString>
                      </gmd:city>
                      <gmd:administrativeArea>
                        <gco:CharacterString>Manawatu</gco:CharacterString>
                      </gmd:administrativeArea>
                      <gmd:postalCode>
                        <gco:CharacterString>7640</gco:CharacterString>
                      </gmd:postalCode>
                      <gmd:country>
                        <gmd:Country codeList="http://www.iso.org/iso/country_codes/iso_3166_code_lists.htm" codeSpace="ISO3166-1" codeListValue="NZ">NZ</gmd:Country>
                      </gmd:country>
                      <gmd:electronicMailAddress>
                        <gco:CharacterString>lris@landcareresearch.co.nz</gco:CharacterString>
                      </gmd:electronicMailAddress>
                    </gmd:CI_Address>
                  </gmd:address>
                </gmd:CI_Contact>
              </gmd:contactInfo>
              <gmd:role>
                <gmd:CI_RoleCode codeList="http://www.isotc211.org/2005/resources/Codelist/gmxCodelists.xml#CI_RoleCode" codeSpace="ISOTC211/19115" codeListValue="pointOfContact">pointOfContact</gmd:CI_RoleCode>
              </gmd:role>
            </gmd:CI_ResponsibleParty>
          </gmd:citedResponsibleParty>
          <gmd:citedResponsibleParty>
            <gmd:CI_ResponsibleParty>
              <gmd:organisationName>
                <gco:CharacterString>Landcare Research NZ Ltd</gco:CharacterString>
              </gmd:organisationName>
              <gmd:role>
                <gmd:CI_RoleCode codeList="http://www.isotc211.org/2005/resources/Codelist/gmxCodelists.xml#CI_RoleCode" codeSpace="ISOTC211/19115" codeListValue="publisher">publisher</gmd:CI_RoleCode>
              </gmd:role>
            </gmd:CI_ResponsibleParty>
          </gmd:citedResponsibleParty>
          <gmd:citedResponsibleParty>
            <gmd:CI_ResponsibleParty>
              <gmd:organisationName>
                <gco:CharacterString>Landcare Research NZ Ltd</gco:CharacterString>
              </gmd:organisationName>
              <gmd:role>
                <gmd:CI_RoleCode codeList="http://www.isotc211.org/2005/resources/Codelist/gmxCodelists.xml#CI_RoleCode" codeSpace="ISOTC211/19115" codeListValue="author">author</gmd:CI_RoleCode>
              </gmd:role>
            </gmd:CI_ResponsibleParty>
          </gmd:citedResponsibleParty>
          <gmd:presentationForm>
            <gmd:CI_PresentationFormCode codeList="http://www.isotc211.org/2005/resources/Codelist/gmxCodelists.xml#CI_PresentationFormCode" codeSpace="ISOTC211/19115" codeListValue="mapDigital">mapDigital</gmd:CI_PresentationFormCode>
          </gmd:presentationForm>
          <gmd:otherCitationDetails>
            <gco:CharacterString>The citation example provided below, adheres to the Royal Society of New Zealand (RSNZ) reference style, as per Manaaki Whenua – Landcare Research in house reference style guidelines. The reference style is current at the 11th of November, 2021. For references cited in scientific manuscripts, contract reports or academic research materials please check instructions to authors regarding the preferred and current reference style of the publisher, organisation or educational institution.

•Citation format:
Author Year. Title of the dataset. Publisher. DOI including hyperlink (accessed DD Month YYYY)

•ISO 19115/19139 Metatdata location:
CI_Citation:
Author: CI_ResponsibleParty: organisationName with CI_RoleCode: 011
Year (Publication Date): CI_Date:date with dateType:002
Title of the dataset: CI_Citation: title
Publisher: CI_ResponsibleParty: organisationName with CI_RoleCode: 010
DOI including hyperlink: CI_OnlineResource: linkage
Entity type (for APA referencing): presentationForm: CI_PresentationFormCode: 005

•RSNZ citation example:
Landcare Research New Zealand Ltd 2020. LCDB v5.0 - Land Cover Database version 5.0, Mainland, New Zealand. Landcare Research New Zealand Ltd. https://doi.org/10.26060/W5B4-WK93 (accessed DD Month YYYY)</gco:CharacterString>
          </gmd:otherCitationDetails>
          <gmd:collectiveTitle>
            <gco:CharacterString>New Zealand Land Cover Database version 5.0 (LCDB v5.0)</gco:CharacterString>
          </gmd:collectiveTitle>
        </gmd:CI_Citation>
      </gmd:citation>
      <gmd:abstract>
        <gco:CharacterString>The New Zealand Land Cover Database (LCDB) is a multi-temporal, thematic classification of New Zealand's land cover. It identifies 33 mainland land cover classes (35 classes once the offshore Chatham Islands are included). The classification was revised between versions 1, 2, and 3 but has been consistent thereafter, and always with backward compatibility maintained. Land cover features are described by a polygon boundary, a land cover code, and a land cover name at each nominal time step; summer 1996/97, summer 2001/02, summer 2008/09, summer 2012/13, and summer 2018/19. The data set is designed to complement in theme, scale and accuracy, New Zealand’s 1:50,000 topographic database (https://www.linz.govt.nz/land/maps/topographic-maps/topo50-maps). LCDB is suitable for use in national and regional environment monitoring, forest and shrubland inventory, biodiversity assessment, trend analysis and infrastructure planning. The classification used in LCDBv5.0 is presented in the document 'LCDBClassesAtVersion5.pdf' and a table correlating LCDB classes over all versions is presented in the document 'LCDBClassCorrelations.pdf'. Both of these are among the accessory documents to this dataset in the LRIS portal (https://lris.scinfo.org.nz/). LCDB version 5.0 was released in January 2020 and includes corrections to all time steps1997/97, 2001/02, 2008/09, 2012/13 and 2018/19 for both the New Zealand mainland and Chatham Islands. A description of work undertaken for this release (including that of all earlier releases) is presented in the Lineage section. Of particular note at version 5.0 is the addition to LCDB, of attributes designed to readily identify and monitor wetlands over time and a similar capability to manage significant coastal changes. “EditAuthority” and "EditDate" are attributes, maintained since version 3.0 to indicate authorship and nominal date of polygon mapping, edit or change. Errors in the data due to misclassification (rather than land cover change) or poor delineation can be reported to Landcare Research for inclusion in the next release using the online feedback facility in https://lris.scinfo.org.nz/.</gco:CharacterString>
      </gmd:abstract>
      <gmd:purpose>
        <gco:CharacterString>The New Zealand Land Cover Database (LCDB) is a multi-temporal, thematic classification of New Zealand's land cover. It identifies 33 mainland land cover classes (35 classes once the offshore Chatham Islands are included). The classification was revised between versions 1, 2, and 3 but has been consistent thereafter, and always with backward compatibility maintained. Land cover features are described by a polygon boundary, a land cover code, and a land cover name at each nominal time step; summer 1996/97, summer 2001/02, summer 2008/09, summer 2012/13, and summer 2018/19. The data set is designed to complement in theme, scale and accuracy, New Zealand’s 1:50,000 topographic database (https://www.linz.govt.nz/land/maps/topographic-maps/topo50-maps). LCDB is suitable for use in national and regional environment monitoring, forest and shrubland inventory, biodiversity assessment, trend analysis and infrastructure planning.</gco:CharacterString>
      </gmd:purpose>
      <gmd:credit>
        <gco:CharacterString>Funding to compile LCDB version 5.0 was from the Ministry for the Environment (MfE), Department of Conservation (DoC) and Ministry for Primary Industries (MPI). The Ministry for the Environment, Environment Waikato and Land Information New Zealand, made significant contributions in the form of evidential data. MfE, DoC and MPI reviewed intermediate and final mapping before public release.</gco:CharacterString>
      </gmd:credit>
      <gmd:pointOfContact>
        <gmd:CI_ResponsibleParty>
          <gmd:individualName>
            <gco:CharacterString>Omit</gco:CharacterString>
          </gmd:individualName>
          <gmd:organisationName>
            <gco:CharacterString>Landcare Research NZ Ltd</gco:CharacterString>
          </gmd:organisationName>
          <gmd:positionName>
            <gco:CharacterString>Omit</gco:CharacterString>
          </gmd:positionName>
          <gmd:contactInfo>
            <gmd:CI_Contact>
              <gmd:phone>
                <gmd:CI_Telephone>
                  <gmd:voice>
                    <gco:CharacterString>+64 6 353 4953</gco:CharacterString>
                  </gmd:voice>
                  <gmd:facsimile>
                    <gco:CharacterString>Omit</gco:CharacterString>
                  </gmd:facsimile>
                </gmd:CI_Telephone>
              </gmd:phone>
              <gmd:address>
                <gmd:CI_Address>
                  <gmd:deliveryPoint>
                    <gco:CharacterString>PO Box 69040, Lincoln 7640</gco:CharacterString>
                  </gmd:deliveryPoint>
                  <gmd:city>
                    <gco:CharacterString>Lincoln</gco:CharacterString>
                  </gmd:city>
                  <gmd:administrativeArea>
                    <gco:CharacterString>Canterbury</gco:CharacterString>
                  </gmd:administrativeArea>
                  <gmd:postalCode>
                    <gco:CharacterString>7640</gco:CharacterString>
                  </gmd:postalCode>
                  <gmd:country>
                    <gmd:Country codeList="http://www.iso.org/iso/country_codes/iso_3166_code_lists.html" codeSpace="ISO3166-1" codeListValue="NZ">NZ</gmd:Country>
                  </gmd:country>
                  <gmd:electronicMailAddress>
                    <gco:CharacterString>lris@landcareresearch.co.nz</gco:CharacterString>
                  </gmd:electronicMailAddress>
                </gmd:CI_Address>
              </gmd:address>
            </gmd:CI_Contact>
          </gmd:contactInfo>
          <gmd:role>
            <gmd:CI_RoleCode codeList="http://www.isotc211.org/2005/resources/Codelist/gmxCodelists.xml#CI_RoleCode" codeSpace="ISOTC211/19115" codeListValue="pointOfContact">pointOfContact</gmd:CI_RoleCode>
          </gmd:role>
        </gmd:CI_ResponsibleParty>
      </gmd:pointOfContact>
      <gmd:pointOfContact>
        <gmd:CI_ResponsibleParty>
          <gmd:individualName>
            <gco:CharacterString>David Pairman</gco:CharacterString>
          </gmd:individualName>
          <gmd:organisationName>
            <gco:CharacterString>Landcare Research New Zealand Ltd</gco:CharacterString>
          </gmd:organisationName>
          <gmd:positionName>
            <gco:CharacterString>Research Leader</gco:CharacterString>
          </gmd:positionName>
          <gmd:contactInfo>
            <gmd:CI_Contact>
              <gmd:phone>
                <gmd:CI_Telephone>
                  <gmd:voice>
                    <gco:CharacterString>+64 6 353 4953</gco:CharacterString>
                  </gmd:voice>
                </gmd:CI_Telephone>
              </gmd:phone>
              <gmd:address>
                <gmd:CI_Address>
                  <gmd:deliveryPoint>
                    <gco:CharacterString>PO Box 69040, Lincoln 7640</gco:CharacterString>
                  </gmd:deliveryPoint>
                  <gmd:city>
                    <gco:CharacterString>Lincoln</gco:CharacterString>
                  </gmd:city>
                  <gmd:administrativeArea>
                    <gco:CharacterString>Canterbury</gco:CharacterString>
                  </gmd:administrativeArea>
                  <gmd:postalCode>
                    <gco:CharacterString>7640</gco:CharacterString>
                  </gmd:postalCode>
                  <gmd:country>
                    <gmd:Country codeList="http://www.iso.org/iso/country_codes/iso_3166_code_lists.htm" codeSpace="ISO3166-1" codeListValue="NZ">NZ</gmd:Country>
                  </gmd:country>
                  <gmd:electronicMailAddress>
                    <gco:CharacterString>lris@landcareresearch.co.nz</gco:CharacterString>
                  </gmd:electronicMailAddress>
                </gmd:CI_Address>
              </gmd:address>
            </gmd:CI_Contact>
          </gmd:contactInfo>
          <gmd:role>
            <gmd:CI_RoleCode codeList="http://www.isotc211.org/2005/resources/Codelist/gmxCodelists.xml#CI_RoleCode" codeSpace="ISOTC211/19115" codeListValue="pointOfContact">pointOfContact</gmd:CI_RoleCode>
          </gmd:role>
        </gmd:CI_ResponsibleParty>
      </gmd:pointOfContact>
      <gmd:resourceMaintenance>
        <gmd:MD_MaintenanceInformation>
          <gmd:maintenanceAndUpdateFrequency>
            <gmd:MD_MaintenanceFrequencyCode codeList="http://www.isotc211.org/2005/resources/Codelist/gmxCodelists.xml#MD_MaintenanceFrequencyCode" codeSpace="ISOTC211/19115" codeListValue="irregular">irregular</gmd:MD_MaintenanceFrequencyCode>
          </gmd:maintenanceAndUpdateFrequency>
          <gmd:userDefinedMaintenanceFrequency>
            <gts:TM_PeriodDuration>--T ::</gts:TM_PeriodDuration>
          </gmd:userDefinedMaintenanceFrequency>
          <gmd:maintenanceNote>
            <gco:CharacterString>Funding to compile LCDB version 5.0 was from the Ministry for the Environment (MfE), Department of Conservation (DoC) and Ministry for Primary Industries (MPI). At the time of LCDB v5.0 release there was no secure financial provision for ongoing maintenance of LCDB nor for any future updates. Custody of LCDB is vested in Landcare Research NZ Ltd on behalf of The Crown.</gco:CharacterString>
          </gmd:maintenanceNote>
        </gmd:MD_MaintenanceInformation>
      </gmd:resourceMaintenance>
      <gmd:descriptiveKeywords>
        <gmd:MD_Keywords>
          <gmd:keyword>
            <gco:CharacterString>Downloadable Data</gco:CharacterString>
          </gmd:keyword>
          <gmd:thesaurusName/>
        </gmd:MD_Keywords>
      </gmd:descriptiveKeywords>
      <gmd:resourceConstraints>
        <gmd:MD_LegalConstraints>
          <gmd:accessConstraints>
            <gmd:MD_RestrictionCode codeList="http://www.isotc211.org/2005/resources/Codelist/gmxCodelists.xml#MD_RestrictionCode" codeSpace="ISOTC211/19115" codeListValue="intellectualPropertyRights">intellectualPropertyRights</gmd:MD_RestrictionCode>
          </gmd:accessConstraints>
          <gmd:useConstraints>
            <gmd:MD_RestrictionCode codeList="http://www.isotc211.org/2005/resources/Codelist/gmxCodelists.xml#MD_RestrictionCode" codeSpace="ISOTC211/19115" codeListValue="license">license</gmd:MD_RestrictionCode>
          </gmd:useConstraints>
          <gmd:otherConstraints>
            <gco:CharacterString>The New Zealand Land Cover Database is managed by Landcare Research New Zealand Ltd on behalf of the New Zealand Government and is published for general use under a Creative Commons by Attribution 4.0 International license (https://creativecommons.org/licenses/by/4.0/)</gco:CharacterString>
          </gmd:otherConstraints>
        </gmd:MD_LegalConstraints>
      </gmd:resourceConstraints>
      <gmd:spatialRepresentationType>
        <gmd:MD_SpatialRepresentationTypeCode codeList="http://www.isotc211.org/2005/resources/Codelist/gmxCodelists.xml#MD_SpatialRepresentationTypeCode" codeSpace="ISOTC211/19115" codeListValue="vector">vector</gmd:MD_SpatialRepresentationTypeCode>
      </gmd:spatialRepresentationType>
      <gmd:spatialResolution>
        <gmd:MD_Resolution>
          <gmd:equivalentScale>
            <gmd:MD_RepresentativeFraction>
              <gmd:denominator>
                <gco:Integer>25000</gco:Integer>
              </gmd:denominator>
            </gmd:MD_RepresentativeFraction>
          </gmd:equivalentScale>
        </gmd:MD_Resolution>
      </gmd:spatialResolution>
      <gmd:spatialResolution>
        <gmd:MD_Resolution>
          <gmd:equivalentScale>
            <gmd:MD_RepresentativeFraction>
              <gmd:denominator>
                <gco:Integer>5000000</gco:Integer>
              </gmd:denominator>
            </gmd:MD_RepresentativeFraction>
          </gmd:equivalentScale>
        </gmd:MD_Resolution>
      </gmd:spatialResolution>
      <gmd:spatialResolution>
        <gmd:MD_Resolution>
          <gmd:distance>
            <gco:Distance uom=",     "/>
          </gmd:distance>
        </gmd:MD_Resolution>
      </gmd:spatialResolution>
      <gmd:language>
        <gmd:LanguageCode codeList="http://www.loc.gov/standards/iso639-2/php/code_list.php" codeSpace="ISO639-2" codeListValue="eng">eng</gmd:LanguageCode>
      </gmd:language>
      <gmd:characterSet>
        <gmd:MD_CharacterSetCode codeList="http://www.isotc211.org/2005/resources/Codelist/gmxCodelists.xml#MD_CharacterSetCode" codeSpace="ISOTC211/19115" codeListValue="utf8">utf8</gmd:MD_CharacterSetCode>
      </gmd:characterSet>
      <gmd:topicCategory>
        <gmd:MD_TopicCategoryCode>biota</gmd:MD_TopicCategoryCode>
      </gmd:topicCategory>
      <gmd:topicCategory>
        <gmd:MD_TopicCategoryCode>farming</gmd:MD_TopicCategoryCode>
      </gmd:topicCategory>
      <gmd:topicCategory>
        <gmd:MD_TopicCategoryCode>environment</gmd:MD_TopicCategoryCode>
      </gmd:topicCategory>
      <gmd:topicCategory>
        <gmd:MD_TopicCategoryCode>inlandWaters</gmd:MD_TopicCategoryCode>
      </gmd:topicCategory>
      <gmd:topicCategory>
        <gmd:MD_TopicCategoryCode>imageryBaseMapsEarthCover</gmd:MD_TopicCategoryCode>
      </gmd:topicCategory>
      <gmd:topicCategory>
        <gmd:MD_TopicCategoryCode>planningCadastre</gmd:MD_TopicCategoryCode>
      </gmd:topicCategory>
      <gmd:environmentDescription>
        <gco:CharacterString>Version 6.2 (Build 9200) ; Esri ArcGIS 10.5.1.7333</gco:CharacterString>
      </gmd:environmentDescription>
      <gmd:extent>
        <gmd:EX_Extent>
          <gmd:description>
            <gco:CharacterString>The data set has completeness of coverage of the New Zealand mainland and near-shore Islands, and of Chatham Islands, for all time periods. The data set has completeness of classification. Classification schema has a nominal 1 ha Minimum Mapping Unit (MMU), The classification used in LCDB v5.0 is presented in 'LCDBClassesAtVersion5.pdf' available as an accessory document to this dataset in the LRIS portal (www.lcdb.scinfo.org.nz/). The data set has completeness of verification. Land cover classes at LCDB v2 utilised ground data to inform supervised and manual image classification and the draft mapping underwent field verification. LCDB from version3.0 onward is primarily based on image processing to detect change using standardised satellite imagery and subsequent visual confirmation of targets using satellite imagery and aerial photography primarily, with limited field verification. Each mapping programme includes correcting observed errors and improving linework, including that notified by stakeholders.</gco:CharacterString>
          </gmd:description>
          <gmd:geographicElement>
            <gmd:EX_GeographicDescription>
              <gmd:extentTypeCode>
                <gco:Boolean>true</gco:Boolean>
              </gmd:extentTypeCode>
              <gmd:geographicIdentifier>
                <gmd:MD_Identifier>
                  <gmd:code>
                    <gco:CharacterString>NZ</gco:CharacterString>
                  </gmd:code>
                </gmd:MD_Identifier>
              </gmd:geographicIdentifier>
            </gmd:EX_GeographicDescription>
          </gmd:geographicElement>
        </gmd:EX_Extent>
      </gmd:extent>
      <gmd:extent>
        <gmd:EX_Extent>
          <gmd:geographicElement>
            <gmd:EX_GeographicBoundingBox>
              <gmd:westBoundLongitude>
                <gco:Decimal>166.426148348</gco:Decimal>
              </gmd:westBoundLongitude>
              <gmd:eastBoundLongitude>
                <gco:Decimal>178.578152248</gco:Decimal>
              </gmd:eastBoundLongitude>
              <gmd:southBoundLatitude>
                <gco:Decimal>-47.2900015669</gco:Decimal>
              </gmd:southBoundLatitude>
              <gmd:northBoundLatitude>
                <gco:Decimal>-34.1295645784</gco:Decimal>
              </gmd:northBoundLatitude>
            </gmd:EX_GeographicBoundingBox>
          </gmd:geographicElement>
        </gmd:EX_Extent>
      </gmd:extent>
      <gmd:extent>
        <gmd:EX_Extent>
          <gmd:geographicElement>
            <gmd:EX_GeographicBoundingBox>
              <gmd:extentTypeCode>
                <gco:Boolean>true</gco:Boolean>
              </gmd:extentTypeCode>
              <gmd:westBoundLongitude>
                <gco:Decimal>166.262038</gco:Decimal>
              </gmd:westBoundLongitude>
              <gmd:eastBoundLongitude>
                <gco:Decimal>179.501385</gco:Decimal>
              </gmd:eastBoundLongitude>
              <gmd:southBoundLatitude>
                <gco:Decimal>-47.421639</gco:Decimal>
              </gmd:southBoundLatitude>
              <gmd:northBoundLatitude>
                <gco:Decimal>-34.008229</gco:Decimal>
              </gmd:northBoundLatitude>
            </gmd:EX_GeographicBoundingBox>
          </gmd:geographicElement>
        </gmd:EX_Extent>
      </gmd:extent>
      <gmd:supplementalInformation>
        <gco:CharacterString>The nominal minimum mapping unit for the data is 1 hectare, although features are regularly delineated below this threshold to identify significant land covers (e.g. wetlands) and where features are bisected by areas of change. The New Zealand land area is classified into 33 thematic classes on the mainland with a further two classes created for mapping the Chatham Islands. 

The coastline used in LCDB is from Topo50, New Zealand's 1:50,000 topographic database (https://www.linz.govt.nz/land/maps/topographic-maps/topo50-maps) produced by Land Information New Zealand (LINZ). This is licensed as Creative Commons Attribution 3.0 New Zealand, and is sourced from the LINZ Data Service (https://data.linz.govt.nz/), dataset "NZ Coastlines and Islands Polygons (Topo 1:50k)". The Topo50 coastline has been merged into LCDB on two occasions - once in May 2012 for the mapping of version 3.0 to achieve compliance with this standard coast, and again downloaded on 16 April 2019 for version 5.0 to improve coast delineations and to begin to recognise areas of significant coastal change. “Onshore” attributes are used, at each date of mapping, to indicate areas mapped inside (Onshore = ‘yes’) or outside (Onshore = ‘no’) the Topo50 coastline (the latter primarily involving; mangroves, herbaceous saline vegetation, and estuarine open water). Coastline change (only implemented for recent intervals at version 5.0) is indicated by switching of the Onshore attribute from 'yes' to 'no' or vice versa. It is important to recognise that most of the changes between the two downloads of the LINZ Topo 50 coastline are due to improved mapping by LINZ, capturing more detail, rather than actual coastal change. Where change is assessed as "improved mapping", the LCDB coastline is adjusted for all dates. Change between the two coastline versions resulting in areas greater than 1 hectare and at least 40 metres wide were visually assessed against contemporary images to assess if they represented real coastline change rather than improved mapping. Where the change is real and significant in area, it is tracked using the "Onshore" attributes. The "Onshore" flags SHOULD NOT be used to track coastal movement. They were only introduced to avoid otherwise problematic inconsistencies, and the methodology and input datasets used will not accurately reflect all coastal movement, particularly gradual movement. 

An accuracy assessment on LCDB v4.0 mapping was undertaken in 2014 with results contained in an accessory document to this dataset in the LRIS portal (https://lris.scinfo.org.nz/). The data set has been captured and is stored in ESRI File GeoDatabase format (http://www.digitalpreservation.gov/formats/fdd/fdd000294.shtml). The data has been built for polygon topology and has been checked for duplication, slivers, gaps, overlaps and other anomalies.</gco:CharacterString>
      </gmd:supplementalInformation>
    </gmd:MD_DataIdentification>
  </gmd:identificationInfo>
  <gmd:distributionInfo>
    <gmd:MD_Distribution>
      <gmd:distributionFormat>
        <gmd:MD_Format>
          <gmd:name>
            <gco:CharacterString>File Geodatabase Feature Class</gco:CharacterString>
          </gmd:name>
          <gmd:version/>
        </gmd:MD_Format>
      </gmd:distributionFormat>
      <gmd:distributor>
        <gmd:MD_Distributor>
          <gmd:distributorContact>
            <gmd:CI_ResponsibleParty>
              <gmd:individualName>
                <gco:CharacterString>Omit</gco:CharacterString>
              </gmd:individualName>
              <gmd:organisationName>
                <gco:CharacterString>Landcare Research NZ Ltd</gco:CharacterString>
              </gmd:organisationName>
              <gmd:positionName>
                <gco:CharacterString>Omit</gco:CharacterString>
              </gmd:positionName>
              <gmd:contactInfo>
                <gmd:CI_Contact>
                  <gmd:phone>
                    <gmd:CI_Telephone>
                      <gmd:voice>
                        <gco:CharacterString>+64 6 353 4953</gco:CharacterString>
                      </gmd:voice>
                      <gmd:facsimile>
                        <gco:CharacterString>Omit</gco:CharacterString>
                      </gmd:facsimile>
                    </gmd:CI_Telephone>
                  </gmd:phone>
                  <gmd:address>
                    <gmd:CI_Address>
                      <gmd:deliveryPoint>
                        <gco:CharacterString>PO Box 69040, Lincoln 7640</gco:CharacterString>
                      </gmd:deliveryPoint>
                      <gmd:city>
                        <gco:CharacterString>Lincoln</gco:CharacterString>
                      </gmd:city>
                      <gmd:administrativeArea>
                        <gco:CharacterString>Canterbury</gco:CharacterString>
                      </gmd:administrativeArea>
                      <gmd:postalCode>
                        <gco:CharacterString>7640</gco:CharacterString>
                      </gmd:postalCode>
                      <gmd:country>
                        <gmd:Country codeList="http://www.iso.org/iso/country_codes/iso_3166_code_lists.html" codeSpace="ISO3166-1" codeListValue="NZ">NZ</gmd:Country>
                      </gmd:country>
                      <gmd:electronicMailAddress>
                        <gco:CharacterString>lris@landcareresearch.co.nz</gco:CharacterString>
                      </gmd:electronicMailAddress>
                    </gmd:CI_Address>
                  </gmd:address>
                </gmd:CI_Contact>
              </gmd:contactInfo>
            </gmd:CI_ResponsibleParty>
          </gmd:distributorContact>
        </gmd:MD_Distributor>
      </gmd:distributor>
      <gmd:transferOptions>
        <gmd:MD_DigitalTransferOptions>
          <gmd:unitsOfDistribution>
            <gco:CharacterString>New Zealand, North Island, South Island, Chatham Islands, clip area</gco:CharacterString>
          </gmd:unitsOfDistribution>
          <gmd:transferSize>
            <gco:Real>700</gco:Real>
          </gmd:transferSize>
          <gmd:onLine>
            <gmd:CI_OnlineResource>
              <gmd:linkage>
                <gmd:URL>https://lris.scinfo.org.nz/layer/104400-lcdb-v50-land-cover-database-version-50-mainland-new-zealand/</gmd:URL>
              </gmd:linkage>
            </gmd:CI_OnlineResource>
          </gmd:onLine>
        </gmd:MD_DigitalTransferOptions>
      </gmd:transferOptions>
    </gmd:MD_Distribution>
  </gmd:distributionInfo>
  <gmd:dataQualityInfo>
    <gmd:DQ_DataQuality>
      <gmd:scope/>
      <gmd:lineage>
        <gmd:LI_Lineage>
          <gmd:statement>
            <gco:CharacterString>LCDB v1 was created afresh from classified SPOT satellite imagery with polygons either captured directly from the classified imagery or manually digitised. The modest classification of 16 LCDB v1 classes were considerably expanded to 43 classes for LCDB v2 and polygon boundaries were significantly re-drawn by manual digitising over LandSat 7 and ETM+ satellite imagery. Mapping of the second (2001/02) time step was informed by a ‘difference layer’ created by comparison between 1996/97 and 2001/02 imagery and an extensive field checking phase sought to verify the mapping. 

LCDBs v3 onward consolidated and refined the mapping process by rationalising the classification to 33 mainland classes (35 with Chatham Islands included), smoothing polygon boundaries to remove latent artifacts of the early raster mapping, and aligning the mapping with the standard topographic coastline. Polygons of less than 1/10 hectare from version 2 were found to be largely erroneous and/or misleading and were removed before LCDB v3.0 mapping. Improved imagery and image classification techniques, combined with resource limitations, prompted a decision to not undertake widespread field checking, but ancilliary data and stakeholder reviews were built into the mapping workflow. Change mapping remained a manual, on-screen, process but was assisted by improved image difference detection, a variety of supporting imagery (including aerial photography), and accessory datasets (such as New Zealand’s LUCAS Land Use Map (LUM)). The minimum mapping unit for the data is nominally 1 hectare (although mapping regularly goes below this threshold to resolve significant features (e.g. wetlands) and to accommodate change (which frequently bisects polygons). 

LCDB v3.0 undertook a 'rubber-sheet' correction of a mis-aligned area of mapping in South Westland / northern Otago, and mapped a new time step corresponding to summer 2008/09 using SPOT 5 satellite imagery acquired between November 2006 and October 2008. Some cloud affected areas were in-filled using Landsat imagery, or imagery from earlier dates. Satellite imagery was pan sharpened to 10m spatial resolution with terrain normalisation. Orthorectification was to the New Zealand Map Grid using photogrammetric software. Ground control points, used to position the imagery in the rectification process, were measured from aerial photography. Elevation models, used to correct distortion due to height, have 15m pixels and were generated from 20m contour data. Orthorectification met the target of 95% of the imagery being accurate within 5 metres r.m.s. error. Map updates were guided by an analysis of the new data identifying patches with spectral signatures inconsistent with the LCDB v2 class. Operators then used visual interpretation and manual digitising techniques to re-map in the vicinity of identified inconsistencies. In addition to the new SPOT data, imagery from other dates before and after was viewed simultaneously to help make decisions on the correct class and what is likely happening on the ground. Higher resolution SPOT-Maps data from 2008/09 was included in this image set. Harvested forest polygons at 2001 were reviewed and their new 2008 state entered and new forest harvesting at 2008 incorporated. 

Ancillary data such as digital topodata, aerial photography and published topomaps were used to assist in the interpretation of the imagery. Regional councils and the Department of Conservation reviewed the draft mapping and provided corrections for errors found in their areas of interest. An accuracy assessment on LCDB3.0 mapping was undertaken early in 2012 and results made available on the LRIS portal (www.lcdb.scinfo.org.nz/). 

LCDB v3.3 is an improvement to LCDB v3.0 as a result of five processes: 
• A review of improbable land cover transitions, correcting those found in error 
• A review of &gt;20ha mapped land cover transitions between 2001/02 and 2008/09, correcting those found in error (some of these records were exposed as original error rather than recent-date change) 
• Croplands and Settlements were reviewed and improved using recently updated LUCAS Land Use Mapping (refer http://www.mfe.govt.nz/land/data-organisations/land-use-map#map). 
• A review of South Island tussock and low producing grasslands to delineate those which have undergone recent improvement (commonly, but not always, associated with dairy conversion) 
• Correction of error (in classification or delineation) noticed in the vicinity of edits undertaken above and those notified by users. 

LCDB v4.0 introduced a fourth time step, land cover corresponding nominally to summer 2012/13 using SPOT 5 satellite imagery acquired between October 2011 and February 2013. In addition to 2008-2012 change mapping, further improvements were made through five other processes: 
• Incorporation of high-quality wetland mapping of five Regions (Bay of Plenty, Taranaki, Manawatu-Whanganui, Wellington and Otago) and one District (Far North) 
• Mapping of detected change between 2008/09 and 2012/13 including that associated with harvesting/replanting of production forests 
• Correction of error (in classification or delineation) noticed in the vicinity of edits undertaken above and those notified by users 
• Incorporation of new urban development not detected by the change analysis above but recorded in the LINZ core record system (cadastral) database. 

LCDB v4.1 is an improvement to LCDB v4.0 as a result of three processes: 
• Significant contradictions in woody land covers between LCDB v4.0 and 2012 LUCAS Land Use Mapping were investigated and, where necessary, corrections made - these mainly represented indigenous/exotic and forest/scrub confusions. 
• Unmapped woody vegetation patches in grassland polygons were detected by spectral methods, verified with radar (ALOS PALSAR) analysis, and incorporated in a semi-automated process. 
• Error-correction arising from user feedback and limited 'green field mapping' improvements were made during and following the foregoing processes. 

LCDB v5.0 introduced a fifth time step and improved upon LCDB v4.1 through eight processes: 
• Correction of error (in classification or delineation) some notified by users, some logged post-LCDB v4.1 by Landcare Research and some observed during mapping by analysts. In particular, a significant area of Stewart Island from the head of Patterson Inlet, up the Ruggedy Flat and through to Mason Bay was remapped to correct earlier mapping. 
• Mapping of detected change between 2012/13 and 2018/19 including hitherto undetected ponds, wetland loss, urban expansion, and change associated with harvesting/replanting of production forests 
• A review of impossible and implausible land cover transitions, correcting those found in error 
• Re-mapping of built-up areas in Canterbury to revert earthquake 'red-zone' areas, mostly to 'Urban Open Space', using Environment Canterbury data 
• Improving identification and tracking of wetlands by creating a wetland identifier for every time-step and expanding it's use to include all wetlands (but not open water) irrespective of whether it is implied by the class name or not. 
• Installing a capacity to map and manage significant coastline change by, firstly incorporating a recent higher-fidelity coast from Topo50 ("NZ Coastlines and Islands Polygons (Topo 1:50k)" dataset, downloaded from LINZ on 16 April 2019) and then selecting and screening areas of significant difference (width &gt; 50 m and area &gt; 1 ha) to map 22 areas of verified change since the previously downloaded (May 2012) LINZ coastline used in earlier LCDB versions. This change, any future change, and any re-worked earlier change can now me mapped and managed by 'Onshore' indicators for every time-step in LCDB. 
• Incorporation of high-quality wetland mapping of dispersed locations nationally arising from an MfE-contracted review of wetland loss and, a comprehensive set of high-fidelity wetland polygons created from reference to Environment Waikato data. 
• Application of MfE's irrigation layer (https://data.mfe.govt.nz/layer/90838-irrigated-land-area-2017/) to identify areas of low producing , depleted, and tussock grassland that should be mapped as high producing exotic grassland. 

The data set has been captured and is stored in digital ArcGIS file Geodatabase and ESRI Shapefile format with an internal database structure storing the attribute data. The data has been built for polygon topology and has been checked for duplication, slivers, gaps, overlaps and other anomalies.</gco:CharacterString>
          </gmd:statement>
        </gmd:LI_Lineage>
      </gmd:lineage>
    </gmd:DQ_DataQuality>
  </gmd:dataQualityInfo>
  <gmd:metadataConstraints>
    <gmd:MD_LegalConstraints>
      <gmd:useConstraints>
        <gmd:MD_RestrictionCode codeList="http://www.isotc211.org/2005/resources/Codelist/gmxCodelists.xml#MD_RestrictionCode" codeSpace="ISOTC211/19115" codeListValue="license">license</gmd:MD_RestrictionCode>
      </gmd:useConstraints>
    </gmd:MD_LegalConstraints>
  </gmd:metadataConstraints>
  <gmd:metadataMaintenance>
    <gmd:MD_MaintenanceInformation>
      <gmd:maintenanceAndUpdateFrequency>
        <gmd:MD_MaintenanceFrequencyCode codeList="http://www.isotc211.org/2005/resources/Codelist/gmxCodelists.xml#MD_MaintenanceFrequencyCode" codeSpace="ISOTC211/19115" codeListValue="asNeeded">asNeeded</gmd:MD_MaintenanceFrequencyCode>
      </gmd:maintenanceAndUpdateFrequency>
      <gmd:userDefinedMaintenanceFrequency>
        <gts:TM_PeriodDuration>--T ::</gts:TM_PeriodDuration>
      </gmd:userDefinedMaintenanceFrequency>
    </gmd:MD_MaintenanceInformation>
  </gmd:metadataMaintenance>
</gmd:MD_Metadata>